{"train/epoch":7.826086956521739,"train/grad_norm":0.6487239599227905,"train/loss":0.3681,"train/global_step":180,"eval/loss":0.5621314644813538,"eval/runtime":3.6643,"train/learning_rate":5.2173913043478265e-06,"_runtime":253.394411397,"eval/steps_per_second":0.819,"_wandb":{"runtime":278},"eval/samples_per_second":24.561,"_step":24,"eval/accuracy":0.4444444444444444,"_timestamp":1.736448853388986e+09}