{"eval/steps_per_second":0.802,"_runtime":99.177639158,"_step":8,"eval/runtime":3.7387,"train/global_step":64,"train/epoch":2.782608695652174,"_timestamp":1.736449959628555e+09,"_wandb":{"runtime":112},"train/learning_rate":8.260869565217392e-06,"eval/accuracy":0.06666666666666667,"eval/samples_per_second":24.073,"train/grad_norm":3.6002659797668457,"train/loss":0.8029,"eval/loss":0.7579656839370728}