{"_wandb":{"runtime":589},"train_steps_per_second":0.377,"train/global_step":192,"train_loss":0.5922241831819216,"train/epoch":16,"eval/runtime":5.6456,"_step":27,"eval/loss":0.5303815007209778,"_timestamp":1.736452087355613e+09,"_runtime":509.864873712,"total_flos":0,"train/loss":0.3671,"eval/samples_per_second":15.942,"train_runtime":508.8578,"train/learning_rate":0,"train_samples_per_second":22.607,"eval/steps_per_second":0.354,"eval/accuracy":0.5111111111111111,"train/grad_norm":8.780957221984863}