{"eval/runtime":3.653,"_runtime":361.593010878,"eval/loss":0.999999463558197,"train/loss":0.9135,"train/learning_rate":3.260869565217392e-05,"train/epoch":10.782608695652174,"_timestamp":1.7364504721424563e+09,"eval/samples_per_second":24.638,"eval/accuracy":0.43333333333333335,"_step":34,"eval/steps_per_second":0.821,"_wandb":{"runtime":376},"train/global_step":248,"train/grad_norm":0.0015352877089753747}