{"eval/loss":0.4540674090385437,"train/loss":0.0906,"train/global_step":384,"eval/steps_per_second":0.291,"train/epoch":32,"eval/runtime":6.8835,"train_runtime":1071.3172,"eval/samples_per_second":13.075,"total_flos":0,"train/grad_norm":0.4659298062324524,"_timestamp":1.73645358728693e+09,"eval/accuracy":0.6333333333333333,"train_samples_per_second":21.476,"_step":54,"train_loss":0.3249106660174827,"_wandb":{"runtime":1212},"train_steps_per_second":0.358,"train/learning_rate":0,"_runtime":1072.278852947}