{"_wandb":{"runtime":764},"train_samples_per_second":18.467,"eval/runtime":4.8099,"eval/accuracy":0.5777777777777777,"train/learning_rate":0,"eval/steps_per_second":0.624,"train_runtime":622.9357,"eval/loss":2.355393409729004,"train_steps_per_second":0.591,"_timestamp":1.736441921613544e+09,"train/grad_norm":0.39169231057167053,"eval/samples_per_second":18.712,"_step":52,"train_loss":0.5131153529104979,"total_flos":0,"_runtime":624.021880534,"train/loss":0.0245,"train/global_step":368,"train/epoch":16}