{"_step":26,"train/grad_norm":59.169189453125,"eval/runtime":8.8742,"eval/steps_per_second":5.071,"train/epoch":1.3333333333333333,"train/learning_rate":8.333333333333334e-05,"_runtime":251.200166936,"train/loss":1.1686,"eval/samples_per_second":10.142,"eval/accuracy":0.43333333333333335,"_wandb":{"runtime":256},"_timestamp":1.7364375554308372e+09,"train/global_step":120,"eval/loss":1.279369831085205}