{"eval/accuracy":0.5666666666666667,"train/learning_rate":0,"train/loss":0.0051,"_timestamp":1.7364404318149135e+09,"train/grad_norm":0.8970130681991577,"train/global_step":368,"train/epoch":16,"train_steps_per_second":0.703,"eval/samples_per_second":24.931,"train_runtime":523.7851,"train_samples_per_second":21.963,"eval/steps_per_second":0.831,"eval/loss":3.056877613067627,"train_loss":0.353922879348671,"total_flos":0,"_runtime":524.905086747,"eval/runtime":3.6099,"_wandb":{"runtime":665},"_step":52}