{"train/loss":0.3334,"eval/accuracy":0.36666666666666664,"_wandb":{"runtime":518},"_step":50,"eval/samples_per_second":24.602,"train/learning_rate":2.173913043478261e-07,"train/grad_norm":2.326998710632324,"eval/loss":0.5115382075309753,"train/global_step":360,"eval/steps_per_second":0.82,"train/epoch":15.652173913043478,"eval/runtime":3.6583,"_runtime":512.250209656,"_timestamp":1.7364498308173585e+09}