{"eval/runtime":3.1317,"eval/samples_per_second":28.738,"train/learning_rate":6.555555555555556e-05,"_wandb":{"runtime":227},"eval/accuracy":0.4444444444444444,"_timestamp":1.7364393964860284e+09,"train/grad_norm":43.45437240600586,"_step":55,"train/global_step":250,"eval/loss":1.0929087400436401,"train/epoch":2.7777777777777777,"_runtime":224.718884432,"eval/steps_per_second":14.369,"train/loss":1.0732}