{"eval/runtime":3.6548,"_wandb":{"runtime":786},"train/grad_norm":14.046561241149902,"_step":52,"_timestamp":1.7364456548960114e+09,"_runtime":646.772481805,"train_runtime":645.7546,"train/global_step":368,"eval/accuracy":0.6555555555555556,"eval/samples_per_second":24.625,"total_flos":0,"eval/loss":1.248666763305664,"train_loss":0.7235119964765466,"train_samples_per_second":17.815,"train/epoch":16,"train/learning_rate":0,"train_steps_per_second":0.57,"eval/steps_per_second":0.821,"train/loss":0.457}