{"eval/accuracy":0.5444444444444444,"total_flos":0,"train/loss":1.1246,"train_samples_per_second":17.557,"eval/loss":1.0776145458221436,"eval/steps_per_second":0.813,"_step":52,"train/epoch":16,"train/global_step":368,"eval/runtime":3.6879,"train_loss":1.1177695743415668,"train/learning_rate":0,"eval/samples_per_second":24.404,"_timestamp":1.7364456799790587e+09,"train/grad_norm":10.098953247070312,"_runtime":656.378904529,"train_runtime":655.2187,"_wandb":{"runtime":796},"train_steps_per_second":0.562}