{"train/loss":0.9729,"train/epoch":1.0434782608695652,"train/learning_rate":9.347826086956523e-06,"_step":2,"train/global_step":24,"_timestamp":1.736448047649603e+09,"_runtime":46.471662867,"train/grad_norm":2.974951982498169,"_wandb":{"runtime":48}}