{"_step":39,"eval/samples_per_second":23.507,"_timestamp":1.7364396330801435e+09,"train/global_step":180,"train/grad_norm":10.653100967407227,"train/epoch":2,"_runtime":145.225946379,"eval/accuracy":0.4111111111111111,"train/learning_rate":7.555555555555556e-05,"eval/runtime":3.8287,"train/loss":1.3515,"eval/loss":1.1697176694869995,"_wandb":{"runtime":150},"eval/steps_per_second":0.784}