{"_timestamp":1.736450703584197e+09,"eval/runtime":3.6566,"train/learning_rate":6.304347826086957e-05,"eval/steps_per_second":0.82,"train/loss":0.8079,"eval/loss":0.9999996423721313,"train/grad_norm":0.003017728915438056,"_runtime":197.178803904,"_wandb":{"runtime":205},"eval/samples_per_second":24.613,"_step":18,"train/global_step":136,"train/epoch":5.913043478260869,"eval/accuracy":0.43333333333333335}