{"eval/accuracy":0.5444444444444444,"train_samples_per_second":22.025,"_wandb":{"runtime":663},"train_loss":0.4936617590972911,"eval/samples_per_second":24.557,"eval/runtime":3.665,"train_runtime":522.3192,"train/learning_rate":0,"_runtime":523.385053005,"_step":52,"eval/loss":3.090874195098877,"train_steps_per_second":0.705,"total_flos":0,"_timestamp":1.7364411397451901e+09,"train/loss":0.0741,"eval/steps_per_second":0.819,"train/grad_norm":1.5055805444717407,"train/global_step":368,"train/epoch":16}