{"eval/steps_per_second":0.745,"train_loss":0.5269671134326769,"train_runtime":554.1428,"total_flos":0,"train/global_step":368,"train/loss":0.3756,"eval/samples_per_second":22.343,"_step":52,"train/grad_norm":0.6412854194641113,"train_steps_per_second":0.664,"_wandb":{"runtime":695},"eval/accuracy":0.32222222222222224,"train/learning_rate":0,"_runtime":555.133818977,"train_samples_per_second":20.76,"_timestamp":1.7364512934882972e+09,"train/epoch":16,"eval/loss":0.6737847924232483,"eval/runtime":4.0281}