{"_step":7,"train/grad_norm":29.682653427124023,"train/epoch":0.4444444444444444,"train/loss":0.9435,"eval/samples_per_second":3.239,"train/learning_rate":9.444444444444444e-05,"eval/runtime":27.7892,"_timestamp":1.7364372632424843e+09,"eval/loss":1.2468615770339966,"train/global_step":40,"_wandb":{"runtime":328},"_runtime":317.672076852,"eval/accuracy":0.43333333333333335,"eval/steps_per_second":1.619}