{"eval/runtime":3.6278,"train/loss":0.109,"train/epoch":16,"eval/samples_per_second":24.808,"_wandb":{"runtime":746},"train_samples_per_second":19.021,"eval/steps_per_second":0.827,"train/learning_rate":0,"train_steps_per_second":0.608,"eval/accuracy":0.6555555555555556,"total_flos":0,"eval/loss":1.4801154136657715,"train/grad_norm":8.932113647460938,"train/global_step":368,"_step":52,"train_runtime":604.8,"_timestamp":1.7364421214790614e+09,"_runtime":605.888050466,"train_loss":0.5112829281260138}