{"train/global_step":8,"_runtime":23.146550724,"train/loss":0.991,"train/grad_norm":2.5805487632751465,"train/learning_rate":9.782608695652175e-06,"_step":0,"train/epoch":0.34782608695652173,"_timestamp":1.736448537766373e+09,"_wandb":{"runtime":25}}