{"train/learning_rate":9.782608695652175e-06,"_runtime":22.125621909,"train/epoch":0.34782608695652173,"train/loss":0.9876,"_step":0,"train/global_step":8,"train/grad_norm":3.0676684379577637,"_timestamp":1.7364484891058116e+09,"_wandb":{"runtime":27}}