{"eval/steps_per_second":1.645,"total_flos":0,"_timestamp":1.736438325489581e+09,"train_steps_per_second":0.246,"train/epoch":7.822222222222222,"train/global_step":176,"train_loss":0.7643948244777593,"_runtime":716.517684889,"train/learning_rate":0,"train_samples_per_second":8.039,"eval/loss":1.149268627166748,"train/loss":0.2326,"train/grad_norm":30.90650749206543,"_step":39,"train_runtime":715.5325,"eval/accuracy":0.6333333333333333,"eval/runtime":7.294,"eval/samples_per_second":12.339,"_wandb":{"runtime":716}}